"","artist","title","album","year"
"1","Beach Boys","Somewhere Near Japan","Still Cruisin'","1990"
"2","Beach Boys","Kokomo","Still Cruisin'","1990"
"3","Beach Boys","Problem Child","Problem Child (soundtrack)","1990"
"4","Beach Boys","Crocodile Rock","Two Rooms: Celebrating the Songs of Elton John & Bernie Taupin","1991"
"5","Beach Boys","California Dreamin'","California Gold: The Very Best of The Beach Boys","1991"
"6","Beach Boys","Hot Fun in the Summertime","Summer in Paradise","1992"
"7","Beach Boys","Tears in the Morning","Summer in Paradise","1992"
"8","Beach Boys","Forever Forever Forever","Summer in Paradise","1992"
"9","Beach Boys","Under the Boardwalk","Summer in Paradise","1992"
"10","Beach Boys","Summer in Paradise","Summer in Paradise","1993"
"11","Beach Boys","Summer of Love","Summer in Paradise","1993"
"12","Beach Boys","Summer in Paradise I'm Always Here)","Summer in Paradise","1993"
"13","Beach Boys","I Just Wasn't Made for These Times","Pet Sounds","1996"
"14","Beach Boys","Wouldn't It Be Nice , Here Today","Pet Sounds","1996"
"15","Beach Boys","I Can Hear Music Little Deuce Coupe","Stars and Stripes Vol. 1","1996"
"16","Beach Boys","Help Me, Rhonda","Stars and Stripes Vol. 1","1996"
"17","Beach Boys","Don't Worry Baby","Stars and Stripes Vol. 1","1996"
"18","Beach Boys","Long Tall Texan","Stars and Stripes Vol. 1","1996"
"19","Beach Boys","Little Deuce Coupe","Stars and Stripes Vol. 1","1996"
"20","Beach Boys","Don't Fight the Sea Friends","A Postcard from California","2011"
"21","Beach Boys","Cabin Essence","The Smile Sessions","2011"
"22","Beach Boys","Wonderful","The Smile Sessions","2011"
"23","Beach Boys","Vega-Tables","The Smile Sessions","2011"
"24","Beach Boys","Surf's Up","The Smile Sessions","2011"
"25","Beach Boys","That's Why God Made the Radio","That's Why God Made the Radio","2012"
"26","Beach Boys","Isn't It Time","That's Why God Made the Radio","2012"
"27","Joni Mitchell","Night in the City","Song to a Seagull","1968"
"28","Joni Mitchell","Chelsea Morning","Clouds","1969"
"29","Joni Mitchell","Big Yellow Taxi","Ladies of the Canyon","1970"
"30","Joni Mitchell","Carey","Blue","1971"
"31","Joni Mitchell","California","Blue","1971"
"32","Joni Mitchell","You Turn Me On, I'm a Radio","For the Roses","1972"
"33","Joni Mitchell","Cold Blue Steel and Sweet Fire","For the Roses","1973"
"34","Joni Mitchell","Raised on Robbery","Court and Spark","1973"
"35","Joni Mitchell","Help Me","Court and Spark","1974"
"36","Joni Mitchell","Free Man in Paris","Court and Spark","1974"
"37","Joni Mitchell","In France They Kiss on Main Street","The Hissing of Summer Lawns","1976"
"38","Joni Mitchell","Coyote","Hejira","1977"
"39","Joni Mitchell","Off Night Backstreet","Don Juan's Reckless Daughter","1978"
"40","Joni Mitchell","Jericho","Don Juan's Reckless Daughter","1978"
"41","Joni Mitchell","The Dry Cleaner from Des Moines","Mingus","1979"
"42","Joni Mitchell","Why Do Fools Fall in Love","Shadows and Light","1980"
"43","Joni Mitchell","Baby I Don't Care","Wild Things Run Fast","1982"
"44","Joni Mitchell","Chinese Café","Wild Things Run Fast","1983"
"45","Joni Mitchell","Underneath The Streetlight","Wild Things Run Fast","1983"
"46","Joni Mitchell","Good Friends","Dog Eat Dog","1985"
"47","Joni Mitchell","Shiny Toys","Dog Eat Dog","1986"
"48","Joni Mitchell","My Secret Place","Chalk Mark in a Rain Storm","1988"
"49","Joni Mitchell","Snakes and Ladders","Chalk Mark in a Rain Storm","1988"
"50","Joni Mitchell","Cool Water","Chalk Mark in a Rain Storm","1988"
"51","Joni Mitchell","Night Ride Home","Night Ride Home","1991"
"52","Joni Mitchell","Come in from the Cold","Night Ride Home","1991"
"53","Joni Mitchell","How Do You Stop","Turbulent Indigo","1994"
"54","Joni Mitchell","Sex Kills","Turbulent Indigo","1994"
"55","Joni Mitchell","Sunny Sunday","Turbulent Indigo","1994"
"56","Joni Mitchell","The Crazy Cries of Love","Taming the Tiger","1998"
"57","Joni Mitchell","Both Sides, Now","Both Sides Now","2000"
"58","Stevie Wonder","Keep Our Love Alive","Non-album single","1990"
"59","Stevie Wonder","Instrumental version of A-side","Non-album single","1990"
"60","Stevie Wonder","Gotta Have You","Jungle Fever: Music from the Movie","1991"
"61","Stevie Wonder","Feeding Off the Love of the Land","Jungle Fever: Music from the Movie","1991"
"62","Stevie Wonder","Fun Day","Jungle Fever: Music from the Movie","1991"
"63","Stevie Wonder","These Three Words","Jungle Fever: Music from the Movie","1991"
"64","Stevie Wonder","instrumental","Jungle Fever: Music from the Movie","1991"
"65","Stevie Wonder","For Your Love","Conversation Peace","1995"
"66","Stevie Wonder","Tomorrow Robins Will Sing","Conversation Peace","1995"
"67","Stevie Wonder","Treat Myself","Conversation Peace","1995"
"68","Stevie Wonder","Kiss Lonely Good-Bye","The Adventures of Pinocchio soundtrack","1996"
"69","Stevie Wonder","How Come, How Long","The Day(Babyface album)","1997"
"70","Stevie Wonder","Every Time I Close My Eyes","The Day(Babyface album)","1997"
"71","Stevie Wonder","True to Your Heart","Mulan: An Original Walt Disney Records Soundtrack","1998"
"72","Stevie Wonder","To Feel the Fire","non-album single[53]","1998"
"73","Stevie Wonder","So What the Fuss","A Time to Love","2005"
"74","Stevie Wonder","Positivity","A Time to Love","2005"
"75","Stevie Wonder","From the Bottom of My Heart","A Time to Love","2006"
"76","Stevie Wonder","Shelter in the Rain","A Time to Love","2006"
"77","Stevie Wonder","All About the Love Again","Change Is Now: Renewing America's Promise","2009"
"78","Stevie Wonder","Faith","Sing: Original Motion Picture Soundtrack","2016"
"79","Stevie Wonder","Real Love","Non-album singles","2020"
"80","Stevie Wonder","Where Is Our Love Song","Non-album singles","2020"
"81","Stevie Wonder","Can't Put It in the Hands of Fate","Non-album singles","2020"
"82","Stevie Wonder","Don't Make Me Wait Too Long","Non-album singles","2023"
"83","Stevie Wonder","Can We Fix Our Nation's Broken Heart","Non-album singles","2024"
"84","The Beatles","My Bonnie",NA,"1962"
"85","The Beatles","The Saints",NA,"1962"
"86","The Beatles","Love Me Do",NA,"1962"
"87","The Beatles","P.S. I Love You",NA,"1962"
"88","The Beatles","Please Please Me",NA,"1963"
"89","The Beatles","Ask Me Why",NA,"1963"
"90","The Beatles","From Me to You",NA,"1963"
"91","The Beatles","Thank You Girl",NA,"1963"
"92","The Beatles","She Loves You",NA,"1963"
"93","The Beatles","I'll Get You",NA,"1963"
"94","The Beatles","I Want to Hold Your Hand",NA,"1963"
"95","The Beatles","This Boy",NA,"1963"
"96","The Beatles","Roll Over Beethoven",NA,"1963"
"97","The Beatles","Please Mister Postman",NA,"1963"
"98","The Beatles","Misery",NA,"1963"
"99","The Beatles","Ask Me WhyEuropean single",NA,"1963"
"100","The Beatles","I Saw Her Standing There",NA,"1963"
"101","The Beatles","Sweet Georgia Brown",NA,"1964"
"102","The Beatles","Nobody's Child",NA,"1964"
"103","The Beatles","All My Loving",NA,"1964"
"104","The Beatles","WhyCry for a Shadow",NA,"1964"
"105","The Beatles","Twist and Shout",NA,"1964"
"106","The Beatles","There's a Place",NA,"1964"
"107","The Beatles","Komm, gib mir deine HandSie liebt dichGerman single on Odeon",NA,"1964"
"108","The Beatles","Can't Buy Me Love",NA,"1964"
"109","The Beatles","You Can't Do That",NA,"1964"
"110","The Beatles","Do You Want to Know a Secret",NA,"1964"
"111","The Beatles","Sie liebt dich",NA,"1964"
"112","The Beatles","Ain't She Sweet",NA,"1964"
"113","The Beatles","If You Love Me, Baby",NA,"1964"
"114","The Beatles","Take Out Some Insurance on Me, Baby",NA,"1964"
"115","The Beatles","A Hard Day's Night",NA,"1964"
"116","The Beatles","Things We Said Today",NA,"1964"
"117","The Beatles","I Should Have Known Better",NA,"1964"
"118","The Beatles","I'll Cry Instead",NA,"1964"
"119","The Beatles","I'm Happy Just to Dance with You",NA,"1964"
"120","The Beatles","And I Love Her",NA,"1964"
"121","The Beatles","If I Fell",NA,"1964"
"122","The Beatles","Matchbox",NA,"1964"
"123","The Beatles","Slow Down",NA,"1964"
"124","The Beatles","I Feel Fine",NA,"1964"
"125","The Beatles","She's a Woman",NA,"1964"
"126","The Beatles","Tell Me Why",NA,"1964"
"127","The Beatles","Eight Days a Week",NA,"1965"
"128","The Beatles","I Don't Want to Spoil the Party",NA,"1965"
"129","The Beatles","Ticket to Ride",NA,"1965"
"130","The Beatles","Yes It Is",NA,"1965"
"131","The Beatles","Rock and Roll Music",NA,"1965"
"132","The Beatles","I'm a LoserEuropean single",NA,"1965"
"133","The Beatles","No Reply",NA,"1965"
"134","The Beatles","Rock and Roll MusicEuropean single",NA,"1965"
"135","The Beatles","Help!",NA,"1965"
"136","The Beatles","I'm Down",NA,"1965"
"137","The Beatles","Yesterday",NA,"1965"
"138","The Beatles","Act Naturally",NA,"1965"
"139","The Beatles","I'll Follow the Sun",NA,"1965"
"140","The Beatles","I Don't Want to Spoil the PartyEuropean single",NA,"1965"
"141","The Beatles","Boys",NA,"1965"
"142","The Beatles","Kansas City/Hey, Hey, Hey, Hey",NA,"1965"
"143","The Beatles","We Can Work It Out",NA,"1965"
"144","The Beatles","Day Tripper",NA,"1965"
"145","The Beatles","Michelle",NA,"1966"
"146","The Beatles","GirlEuropean single",NA,"1966"
"147","The Beatles","Nowhere Man",NA,"1966"
"148","The Beatles","What Goes On",NA,"1966"
"149","The Beatles","Paperback Writer",NA,"1966"
"150","The Beatles","Rain",NA,"1966"
"151","The Beatles","Yellow Submarine",NA,"1966"
"152","The Beatles","Eleanor Rigby",NA,"1966"
"153","The Beatles","Penny Lane",NA,"1967"
"154","The Beatles","Strawberry Fields Forever",NA,"1967"
"155","The Beatles","All You Need Is Love",NA,"1967"
"156","The Beatles","Baby, You're a Rich Man",NA,"1967"
"157","The Beatles","Hello, Goodbye",NA,"1967"
"158","The Beatles","I Am the Walrus",NA,"1967"
"159","The Beatles","Lady Madonna",NA,"1968"
"160","The Beatles","The Inner Light",NA,"1968"
"161","The Beatles","Hey Jude",NA,"1968"
"162","The Beatles","Revolution",NA,"1968"
"163","The Beatles","Ob-La-Di, Ob-La-Da",NA,"1968"
"164","The Beatles","While My Guitar Gently WeepsEuropean single on Apple",NA,"1968"
"165","The Beatles","Get Back",NA,"1969"
"166","The Beatles","Don't Let Me Down",NA,"1969"
"167","The Beatles","The Ballad of John and Yoko",NA,"1969"
"168","The Beatles","Old Brown Shoe",NA,"1969"
"169","The Beatles","SomethingCome Together",NA,"1969"
"170","The Beatles","Let It Be",NA,"1970"
"171","The Beatles","You Know My Name",NA,"1970"
"172","The Beatles","The Long and Winding Road",NA,"1970"
"173","The Beatles","For You Blue",NA,"1970"
"174","The Beatles","All Together NowHey BulldogEuropean single on Apple",NA,"1972"
"175","The Beatles","Got to Get You into My Life",NA,"1976"
"176","The Beatles","Helter Skelter",NA,"1976"
"177","The Beatles","Back in the U.S.S.R.",NA,"1976"
"178","The Beatles","Julia",NA,"1976"
"179","The Beatles","Sgt. Pepper's Lonely Hearts Club Band / With a Little Help from My Friends",NA,"1978"
"180","The Beatles","A Day in the Life",NA,"1978"
"181","The Beatles","The Beatles Movie Medley",NA,"1982"
"182","The Beatles","Baby It's You",NA,"1995"
"183","The Beatles","Free as a Bird",NA,"1995"
"184","The Beatles","Christmas Time",NA,"1995"
"185","The Beatles","Real Love",NA,"1996"
"186","The Beatles","Baby's in Black",NA,"1996"
"187","The Beatles","Now and Then",NA,"2023"
"188","Nirvana","Love Buzz","Bleach","1988"
"189","Nirvana","Sliver","Non-album single","1990"
"190","Nirvana","Smells Like Teen Spirit","Nevermind","1991"
"191","Nirvana","Come as You Are","Nevermind","1992"
"192","Nirvana","Lithium","Nevermind","1992"
"193","Nirvana","In Bloom","Nevermind","1992"
"194","Nirvana","Heart-Shaped Box","In Utero","1993"
"195","Nirvana","All Apologies/Rape Me","In Utero","1993"
"196","Nirvana","Pennyroyal Tea","In Utero","1994"
"197","Nirvana","About a Girl","MTV Unplugged in New York","1994"
"198","Nirvana","You Know You're Right","Nirvana","2002"
"199","Fleetwood Mac","I Believe My Time Ain't Long","Non-album singles","1967"
"200","Fleetwood Mac","Black Magic Woman","Non-album singles","1968"
"201","Fleetwood Mac","Shake Your Moneymaker","Fleetwood Mac (1968)","1968"
"202","Fleetwood Mac","Need Your Love So Bad","Non-album singles","1968"
"203","Fleetwood Mac","Albatross","Non-album singles","1968"
"204","Fleetwood Mac","Man of the World","Non-album singles","1969"
"205","Fleetwood Mac","Oh Well","Non-album singles","1969"
"206","Fleetwood Mac","Rattlesnake Shake","Then Play On","1969"
"207","Fleetwood Mac","The Green Manalishi","Non-album singles","1970"
"208","Fleetwood Mac","Tell Me All the Things You Do","Kiln House","1970"
"209","Fleetwood Mac","Jewel Eyed Judy","Kiln House","1971"
"210","Fleetwood Mac","Dragonfly","Non-album single","1971"
"211","Fleetwood Mac","Sands of Time","Future Games","1971"
"212","Fleetwood Mac","Sentimental Lady","Bare Trees","1972"
"213","Fleetwood Mac","Remember Me","Penguin","1973"
"214","Fleetwood Mac","Did You Ever Love Me","Penguin","1973"
"215","Fleetwood Mac","For Your Love","Mystery to Me","1973"
"216","Fleetwood Mac","Heroes Are Hard to Find","Heroes Are Hard to Find","1974"
"217","Fleetwood Mac","Over My Head","Fleetwood Mac (1975)","1975"
"218","Fleetwood Mac","Warm Ways","Fleetwood Mac (1975)","1975"
"219","Fleetwood Mac","Rhiannon","Fleetwood Mac (1975)","1976"
"220","Fleetwood Mac","Say You Love Me","Fleetwood Mac (1975)","1976"
"221","Fleetwood Mac","Go Your Own Way","Rumours","1976"
"222","Fleetwood Mac","Dreams","Rumours","1977"
"223","Fleetwood Mac","Don't Stop","Rumours","1977"
"224","Fleetwood Mac","You Make Loving Fun","Rumours","1977"
"225","Fleetwood Mac","Tusk","Tusk","1979"
"226","Fleetwood Mac","Sara","Tusk","1979"
"227","Fleetwood Mac","Not That Funny","Tusk","1980"
"228","Fleetwood Mac","Think About Me","Tusk","1980"
"229","Fleetwood Mac","Sisters of the Moon","Tusk","1980"
"230","Fleetwood Mac","Angel","Tusk","1980"
"231","Fleetwood Mac","Fireflies","Live","1981"
"232","Fleetwood Mac","The Farmer's Daughter","Live","1981"
"233","Fleetwood Mac","Hold Me","Mirage","1982"
"234","Fleetwood Mac","Gypsy","Mirage","1982"
"235","Fleetwood Mac","Love in Store","Mirage","1982"
"236","Fleetwood Mac","Oh Diane","Mirage","1982"
"237","Fleetwood Mac","Can't Go Back","Mirage","1983"
"238","Fleetwood Mac","Big Love","Tango in the Night","1987"
"239","Fleetwood Mac","Seven Wonders","Tango in the Night","1987"
"240","Fleetwood Mac","Little Lies","Tango in the Night","1987"
"241","Fleetwood Mac","Everywhere","Tango in the Night","1987"
"242","Fleetwood Mac","Family Man","Tango in the Night","1987"
"243","Fleetwood Mac","Isn't It Midnight","Tango in the Night","1988"
"244","Fleetwood Mac","As Long as You Follow","Greatest Hits","1988"
"245","Fleetwood Mac","Save Me","Behind the Mask","1990"
"246","Fleetwood Mac","Love Is Dangerous","Behind the Mask","1990"
"247","Fleetwood Mac","Skies the Limit","Behind the Mask","1990"
"248","Fleetwood Mac","In the Back of My Mind","Behind the Mask","1990"
"249","Fleetwood Mac","Hard Feelings","Behind the Mask","1990"
"250","Fleetwood Mac","Love Shines","25 Years – The Chain","1992"
"251","Fleetwood Mac","Paper Doll","25 Years – The Chain","1992"
"252","Fleetwood Mac","I Do","Time","1995"
"253","Fleetwood Mac","Silver Springs","The Dance","1997"
"254","Fleetwood Mac","Temporary One","The Dance","1997"
"255","Fleetwood Mac","The Chain","The Dance","1997"
"256","Fleetwood Mac","Landslide","The Dance","1998"
"257","Fleetwood Mac","Peacekeeper","Say You Will","2003"
"258","Fleetwood Mac","Say You Will","Say You Will","2003"
"259","Fleetwood Mac","Sad Angel","Extended Play","2013"
"260","Prince","Extraloveable","Hit n Run Phase Two","2011"
"261","Prince","Rock and Roll Love Affair","Hit n Run Phase Two","2012"
"262","Prince","Screwdriver","Hit n Run Phase Two","2013"
"263","Prince","Fixurlifeup","Plectrumelectrum","2013"
"264","Prince","Breakfast Can Wait","Art Official Age","2013"
"265","Prince","Pretzelbodylogic","Plectrumelectrum","2014"
"266","Prince","Fallinlove2nite","Hit n Run Phase One","2014"
"267","Prince","Breakdown","Art Official Age","2014"
"268","Prince","Baltimore","Hit n Run Phase Two","2015"
"269","Prince","Hardrocklover","Hit n Run Phase One","2015"
"270","Prince","This Could B Us","Hit n Run Phase One","2015"
"271","Prince","Free Urself","Non-album single","2015"
"272","Prince","Nothing Compares 2 U","Originals","2018"
"273","Prince","Mary Don't You Weep","Piano and a Microphone 1983","2018"
"274","Prince","Rock 'n' Roll Is Alive!","Non-album single","2019"
"275","Prince","Holly Rock","Originals","2019"
"276","Prince","I Feel for You","Non-album single","2019"
"277","Prince","Sign o' the Times","Sign o' the Times Deluxe","2020"
"278","Prince","Welcome 2 America","Welcome 2 America","2021"
"279","Prince","Do Me, Baby","Non-album single","2021"
"280","Prince","Diamonds and Pearls","Diamonds and Pearls Deluxe","2022"
"281","Prince","All a Share Together Now","Non-album singles","2023"
"282","Prince","7","Non-album singles","2023"
"283","Prince","Alice Through the Looking Glass","Diamonds and Pearls Deluxe","2023"
"284","Prince","Insatiable","Diamonds and Pearls Deluxe","2023"
"285","Prince","Get Blue","Diamonds and Pearls Deluxe","2023"
"286","Prince","Live 4 Love","Diamonds and Pearls Deluxe","2023"
"287","Prince","Daddy Pop","Diamonds and Pearls Deluxe","2023"
"288","Prince","Darkside","Diamonds and Pearls Deluxe","2023"
"289","Prince","United States of Division","Non-album singles","2024"
"290","Prince","Magnificent","Non-album singles","2024"
"291","Prince","Silver Tongue","Non-album singles","2024"
"292","Bob Dylan","Mixed-Up Confusion","Non-album track / Side Tracks","1962"
"293","Bob Dylan","Corrina Corrina","Non-album track / Side Tracks","1962"
"294","Bob Dylan","Blowin' in the Wind","The Freewheelin' Bob Dylan","1963"
"295","Bob Dylan","Don't Think Twice, It's Alright","The Freewheelin' Bob Dylan","1963"
"296","Bob Dylan","The Times They Are a-Changin'","The Times They Are A-Changin'","1965"
"297","Bob Dylan","Honey, Just Allow Me One More Chance","The Times They Are A-Changin'","1965"
"298","Bob Dylan","Subterranean Homesick Blues","Bringing It All Back Home","1965"
"299","Bob Dylan","She Belongs to Me","Bringing It All Back Home","1965"
"300","Bob Dylan","Maggie's Farm","Bringing It All Back Home","1965"
"301","Bob Dylan","On the Road Again","Bringing It All Back Home","1965"
"302","Bob Dylan","Like a Rolling Stone","Highway 61 Revisited","1965"
"303","Bob Dylan","Gates of Eden","Highway 61 Revisited","1965"
"304","Bob Dylan","Positively 4th Street","Non-album track / Bob Dylan's Greatest Hits","1965"
"305","Bob Dylan","From a Buick 6","Non-album track / Bob Dylan's Greatest Hits","1965"
"306","Bob Dylan","Can You Please Crawl Out Your Window?","Non-album track / Biograph","1965"
"307","Bob Dylan","Highway 61 Revisited","Non-album track / Biograph","1965"
"308","Bob Dylan","One of","Blonde on Blonde","1966"
"309","Bob Dylan","Queen Jane Approximately","Blonde on Blonde","1966"
"310","Bob Dylan","Rainy Day Women ♯12 & 35","Blonde on Blonde","1966"
"311","Bob Dylan","Pledging My Time","Blonde on Blonde","1966"
"312","Bob Dylan","I Want You","Blonde on Blonde","1966"
"313","Bob Dylan","Just Like Tom Thumb's Blues","Blonde on Blonde","1966"
"314","Bob Dylan","Just Like a Woman","Blonde on Blonde","1966"
"315","Bob Dylan","Obviously 5 Believers","Blonde on Blonde","1966"
"316","Bob Dylan","Leopard-Skin Pill-Box Hat","Blonde on Blonde","1967"
"317","Bob Dylan","Most Likely You Go Your Way and I'll Go Mine","Blonde on Blonde","1967"
"318","Bob Dylan","If You Gotta Go, Go Now","Non-album track / The Bootleg Series Volumes 1–3 (Rare & Unreleased) 1961–1991","1967"
"319","Bob Dylan","To Ramona","Non-album track / The Bootleg Series Volumes 1–3 (Rare & Unreleased) 1961–1991","1967"
"320","Bob Dylan","All Along the Watchtower","John Wesley Harding","1968"
"321","Bob Dylan","I'll Be Your Baby Tonight","John Wesley Harding","1968"
"322","Bob Dylan","I Threw It All Away","Nashville Skyline","1969"
"323","Bob Dylan","Drifter's Escape","Nashville Skyline","1969"
"324","Bob Dylan","Lay Lady Lay","Nashville Skyline","1969"
"325","Bob Dylan","Peggy Day","Nashville Skyline","1969"
"326","Bob Dylan","Tonight I'll Be Staying Here with You","Nashville Skyline","1969"
"327","Bob Dylan","Country Pie","Nashville Skyline","1969"
"328","Bob Dylan","Wigwam","Self Portrait","1970"
"329","Bob Dylan","Copper Kettle","Self Portrait","1970"
"330","Bob Dylan","Watching the River Flow","Non-album tracks / Bob Dylan's Greatest Hits Vol. II","1971"
"331","Bob Dylan","Spanish Is the Loving Tongue","Non-album tracks / Bob Dylan's Greatest Hits Vol. II","1971"
"332","Bob Dylan","George Jackson","Non-album tracks / Side Tracks","1971"
"333","Bob Dylan","If Not for You","New Morning","1972"
"334","Bob Dylan","Tomorrow Is a Long Time","New Morning","1972"
"335","Bob Dylan","Knockin' on Heaven's Door","Pat Garrett & Billy the Kid","1973"
"336","Bob Dylan","Turkey Chase","Pat Garrett & Billy the Kid","1973"
"337","Bob Dylan","A Fool Such as I","Dylan","1973"
"338","Bob Dylan","Lily of the West","Dylan","1973"
"339","Bob Dylan","On a Night Like This","Planet Waves","1974"
"340","Bob Dylan","You Angel You","Planet Waves","1974"
"341","Bob Dylan","Something There Is About You","Planet Waves","1974"
"342","Bob Dylan","Tough Mama","Planet Waves","1974"
"343","Bob Dylan","Most Likely You Go Your Way","Before the Flood","1974"
"344","Bob Dylan","Stage Fright","Before the Flood","1974"
"345","Bob Dylan","It Ain't Me Babe","Before the Flood","1974"
"346","Bob Dylan","Tangled Up in Blue","Blood on the Tracks","1975"
"347","Bob Dylan","If You See Her, Say Hello","Blood on the Tracks","1975"
"348","Bob Dylan","Million Dollar Bash","The Basement Tapes","1975"
"349","Bob Dylan","Tears of Rage","The Basement Tapes","1975"
"350","Bob Dylan","Hurricane","Desire","1975"
"351","Bob Dylan","Hurricane Part II","Desire","1975"
"352","Bob Dylan","Mozambique","Desire","1976"
"353","Bob Dylan","Oh, Sister","Desire","1976"
"354","Bob Dylan","Stuck Inside of Mobile with the Memphis Blues Again","Hard Rain","1976"
"355","Bob Dylan","Rita May","Hard Rain","1976"
"356","Bob Dylan","Baby, Stop Crying","Street Legal","1978"
"357","Bob Dylan","New Pony","Street Legal","1978"
"358","Bob Dylan","Is Your Love in Vain?","Street Legal","1978"
"359","Bob Dylan","We Better Talk This Over","Street Legal","1978"
"360","Bob Dylan","Changing of the Guards","Street Legal","1978"
"361","Bob Dylan","Señor","Street Legal","1978"
"362","Bob Dylan","Love Min","Bob Dylan at Budokan","1978"
"363","Bob Dylan","Is Your Love in Vain","Bob Dylan at Budokan","1978"
"364","Bob Dylan","Forever Young","Bob Dylan at Budokan","1979"
"365","Bob Dylan","All Along the Watchtower and I Want You","Bob Dylan at Budokan","1979"
"366","Bob Dylan","Gotta Serve Somebody","Slow Train Coming","1979"
"367","Bob Dylan","Trouble in Mind","Slow Train Coming","1979"
"368","Bob Dylan","Precio","Slow Train Coming","1979"
"369","Bob Dylan","Man Gave Names to All the Animals","Slow Train Coming","1980"
"370","Bob Dylan","When You Gonna Wake Up","Slow Train Coming","1980"
"371","Bob Dylan","Slow Train","Slow Train Coming","1980"
"372","Bob Dylan","Do Right to Me Baby","Slow Train Coming","1980"
"373","Bob Dylan","Solid Rock","Saved","1980"
"374","Bob Dylan","Covenant Woman","Saved","1980"
"375","Bob Dylan","Saved","Saved","1980"
"376","Bob Dylan","Are You Ready","Saved","1980"
"377","Bob Dylan","Shot of Love","Shot of Love","1981"
"378","Bob Dylan","Heart of Mine","Shot of Love","1981"
"379","Bob Dylan","The Groom's Still Waiting at the Altar","Shot of Love","1981"
"380","Bob Dylan","Union Sundown","Infidels","1983"
"381","Bob Dylan","Angel Flying Too Close to the Ground","Infidels","1983"
"382","Bob Dylan","Sweetheart Like You","Infidels","1984"
"383","Bob Dylan","Jokerman","Infidels","1984"
"384","Bob Dylan","Isis","Infidels","1984"
"385","Bob Dylan","Tight Connection to My Heart","Empire Burlesque","1985"
"386","Bob Dylan","Emotionally Yours","Empire Burlesque","1985"
"387","Bob Dylan","When the Night Comes Falling from the Sky","Empire Burlesque","1985"
"388","Bob Dylan","Band of the Hand","Band of the Hand","1986"
"389","Bob Dylan","Theme from Joe's Death","Band of the Hand","1986"
"390","Bob Dylan","Got My Mind Made Up","Knocked Out Loaded","1986"
"391","Bob Dylan","Brownsville Girl","Knocked Out Loaded","1986"
"392","Bob Dylan","The Usual","Hearts of Fire","1987"
"393","Bob Dylan","Silvio","Down in the Groove","1988"
"394","Bob Dylan","Driftin' Too Far from Shore","Down in the Groove","1988"
"395","Bob Dylan","Everything Is Broken","Oh Mercy","1989"
"396","Bob Dylan","Political World","Oh Mercy","1990"
"397","Bob Dylan","Ring Them Bells","Oh Mercy","1990"
"398","Bob Dylan","Most of the Time","Oh Mercy","1990"
"399","Bob Dylan","Unbelievable","Under the Red Sky","1990"
"400","Bob Dylan","Series of Dreams","The Bootleg Series Volumes 1–3 (Rare & Unreleased) 1961–1991","1991"
"401","Bob Dylan","Step It Up and Go","Good as I Been to You","1992"
"402","Bob Dylan","My Back Pages","The 30th Anniversary Concert Celebration","1993"
"403","Bob Dylan","Dignity","Bob Dylan's Greatest Hits Volume 3","1994"
"404","Bob Dylan","John Brown , It Ain't Me Babe","MTV Unplugged","1995"
"405","Bob Dylan","Not Dark Yet","Time out of Mind","1997"
"406","Bob Dylan","Tombstone Blues","Time out of Mind","1997"
"407","Bob Dylan","Love Sick","Time out of Mind","1998"
"408","Bob Dylan","Love Sick , Blind Willie McTell","Time out of Mind","1998"
"409","Bob Dylan","Things Have Changed","Wonder Boys","2000"
"410","Bob Dylan","Blind Willie McTell","Wonder Boys","2000"
"411","Bob Dylan","Tweedle Dee & Tweedle Dum","Love and Theft","2001"
"412","Bob Dylan","Bye and Bye","Love and Theft","2001"
"413","Bob Dylan","Someday Baby","Modern Times","2006"
"414","Bob Dylan","original version","Non-album track","2007"
"415","Bob Dylan","Discover Bob Dylan EP","Dylan","2008"
"416","Bob Dylan","Dreamin' of You","The Bootleg Series Volume 8: Tell Tale Signs","2009"
"417","Bob Dylan","Down Along the Cove","The Bootleg Series Volume 8: Tell Tale Signs","2009"
"418","Bob Dylan","Beyond Here Lies Nothin'","Together Through Life","2009"
"419","Bob Dylan","I Feel a Change Comin' On","Together Through Life","2009"
"420","Bob Dylan","Must Be Santa","Christmas in the Heart","2009"
"421","Bob Dylan","Twas the Night Before Christmas","Christmas in the Heart","2009"
"422","Bob Dylan","Make You Feel My Love","Dylan","2010"
"423","Bob Dylan","Early Roman Kings","Tempest","2012"
"424","Bob Dylan","Duquesne Whistle","Tempest","2012"
"425","Bob Dylan","Meet Me in the Morning","Tempest","2012"
"426","Bob Dylan","Thirsty Boots","Record Store Day exclusive / The Bootleg Series Vol. 10: Another Self Portrait","2013"
"427","Bob Dylan","Motherless Children","Non-album track (studio take on The 50th Anniversary Collection)","2013"
"428","Bob Dylan","Odds and Ends","The Bootleg Series Vol. 11: The Basement Tapes Raw","2014"
"429","Bob Dylan","Full Moon and Empty Arms","Shadows in the Night","2014"
"430","Bob Dylan","Stay with Me","Shadows in the Night","2015"
"431","Bob Dylan","The Night We Called It a Day","Shadows in the Night","2015"
"432","Bob Dylan","Desolation Row","The Bootleg Series Vol. 12: The Cutting Edge 1965–1966","2015"
"433","Bob Dylan","All the Way","Fallen Angels","2016"
"434","Bob Dylan","Melancholy Mood","Fallen Angels","2016"
"435","Bob Dylan","I Could Have Told You","Triplicate","2017"
"436","Bob Dylan","My One and Only Love","Triplicate","2017"
"437","Bob Dylan","Stardust","Triplicate","2017"
"438","Bob Dylan","Things We Said Today","The Art of McCartney","2017"
"439","Bob Dylan","Masters of War","Non-album track (original version on The Free Wheelin' Bob Dylan)","2018"
"440","Bob Dylan","Tell Me That It Isn't True","The Bootleg Series Vol. 15: Travelin' Thru, 1967–1969","2019"
"441","Bob Dylan","Big River","The Bootleg Series Vol. 15: Travelin' Thru, 1967–1969","2019"
"442","Bob Dylan","Murder Most Foul","Rough and Rowdy Ways","2020"
"443","Bob Dylan","I Contain Multitudes","Rough and Rowdy Ways","2020"
"444","Bob Dylan","False Prophet","Rough and Rowdy Ways","2020"
"445","Bob Dylan","Cold Irons Bound","The Bootleg Series Vol. 17: Fragments – Time Out of Mind Sessions (1996–1997)","2023"
"446","Bob Dylan","Forever Young )","The 1974 Live Recordings","2024"
"447","Bob Dylan","Source:","Source:[42]","Source:[42]"
"448","Lauryn Hill","Doo Wop","The Miseducation of Lauryn Hill","1998"
"449","Lauryn Hill","Ex-Factor","The Miseducation of Lauryn Hill","1998"
"450","Lauryn Hill","Everything Is Everything","The Miseducation of Lauryn Hill","1999"
"451","Lauryn Hill","Turn Your Lights Down Low","Chant Down Babylon","1999"
"452","Lauryn Hill","Lose Myself","Surf's Up: Music from the Motion Picture","2007"
"453","Lauryn Hill","Repercussions","Non-album singles","2010"
"454","Lauryn Hill","Neurotic Society","Non-album singles","2013"
"455","Lauryn Hill","Consumerism","Non-album singles","2013"
"456","Lauryn Hill","Feeling Good","Nina Revisited: A Tribute to Nina Simone","2015"
"457","Lauryn Hill","Guarding the Gates","Queen & Slim: The Soundtrack","2019"
"458","Lauryn Hill","Save the Day","The Rarities","2020"
